time_s,sample_time,file_offset,c0_address,mapped_address,channel,register,data,same_wait_order_all,same_wait_order_selected,current_frac,current_low,current_high,current_16_8,loop_low,loop_high,loop_16,end,delta,volume_l,volume_r,control,bank,full_rom_address,type80_block,payload_index,enabled,audible,start_retrigger
26.069342,1149658,0x0308B8,0x0007,0x07,0,delta,0x59,0,0,0x18,0x00,0x00,0x000018,0x00,0x00,0x0000,0x3F,0x59,0x20,0x02,0x3A,0x30000,0x030000,3,0x11000,1,1,
26.103946,1151184,0x03097E,0x000F,0x0F,1,delta,0x59,0,0,0x18,0x00,0x00,0x000018,0x00,0x00,0x0000,0x3F,0x59,0x02,0x20,0x3A,0x30000,0x030000,3,0x11000,1,1,
26.206553,1155709,0x0309FB,0x0007,0x07,0,delta,0x58,0,0,0x18,0x00,0x00,0x000018,0x00,0x00,0x0000,0x3F,0x58,0x20,0x02,0x3A,0x30000,0x030000,3,0x11000,1,1,
26.241156,1157235,0x030A1E,0x000F,0x0F,1,delta,0x58,0,0,0x18,0x00,0x00,0x000018,0x00,0x00,0x0000,0x3F,0x58,0x02,0x20,0x3A,0x30000,0x030000,3,0x11000,1,1,
26.326621,1161004,0x030A9C,0x0007,0x07,0,delta,0x57,0,0,0x18,0x00,0x00,0x000018,0x00,0x00,0x0000,0x3F,0x57,0x20,0x02,0x3A,0x30000,0x030000,3,0x11000,1,1,
26.361224,1162530,0x030AC5,0x000F,0x0F,1,delta,0x57,0,0,0x18,0x00,0x00,0x000018,0x00,0x00,0x0000,0x3F,0x57,0x02,0x20,0x3A,0x30000,0x030000,3,0x11000,1,1,
26.412381,1164786,0x030B11,0x0007,0x07,0,delta,0x56,0,0,0x18,0x00,0x00,0x000018,0x00,0x00,0x0000,0x3F,0x56,0x20,0x02,0x3A,0x30000,0x030000,3,0x11000,1,1,
26.446984,1166312,0x030B34,0x000F,0x0F,1,delta,0x56,0,0,0x18,0x00,0x00,0x000018,0x00,0x00,0x0000,0x3F,0x56,0x02,0x20,0x3A,0x30000,0x030000,3,0x11000,1,1,
26.463832,1167055,0x030B47,0x0007,0x07,0,delta,0x55,0,0,0x18,0x00,0x00,0x000018,0x00,0x00,0x0000,0x3F,0x55,0x20,0x02,0x3A,0x30000,0x030000,3,0x11000,1,1,
26.498435,1168581,0x030B86,0x000F,0x0F,1,delta,0x55,0,0,0x18,0x00,0x00,0x000018,0x00,0x00,0x0000,0x3F,0x55,0x02,0x20,0x3A,0x30000,0x030000,3,0x11000,1,1,
26.515306,1169325,0x030C03,0x0007,0x07,0,delta,0x54,0,0,0x18,0x00,0x00,0x000018,0x00,0x00,0x0000,0x3F,0x54,0x20,0x02,0x3A,0x30000,0x030000,3,0x11000,1,1,
26.549592,1170837,0x030C21,0x0007,0x07,0,delta,0x53,0,0,0x18,0x00,0x00,0x000018,0x00,0x00,0x0000,0x3F,0x53,0x20,0x02,0x3A,0x30000,0x030000,3,0x11000,1,1,
26.549887,1170850,0x030C26,0x000F,0x0F,1,delta,0x54,0,0,0x18,0x00,0x00,0x000018,0x00,0x00,0x0000,0x3F,0x54,0x02,0x20,0x3A,0x30000,0x030000,3,0x11000,1,1,
26.584195,1172363,0x030C4F,0x000F,0x0F,1,delta,0x53,0,0,0x18,0x00,0x00,0x000018,0x00,0x00,0x0000,0x3F,0x53,0x02,0x20,0x3A,0x30000,0x030000,3,0x11000,1,1,
26.601066,1173107,0x030C5C,0x0007,0x07,0,delta,0x52,0,0,0x18,0x00,0x00,0x000018,0x00,0x00,0x0000,0x3F,0x52,0x20,0x02,0x3A,0x30000,0x030000,3,0x11000,1,1,
26.635646,1174632,0x030CBB,0x000F,0x0F,1,delta,0x52,0,0,0x18,0x00,0x00,0x000018,0x00,0x00,0x0000,0x3F,0x52,0x02,0x20,0x3A,0x30000,0x030000,3,0x11000,1,1,
27.098050,1195024,0x030EE0,0x0000,0x00,0,cur_low,0x1C,0,0,0x1C,0x00,0x00,0x00001C,0x00,0x00,0x0000,0x3F,0x52,0x20,0x02,0x3A,0x30000,0x030000,3,0x11000,1,1,
27.098095,1195026,0x030EE5,0x0004,0x04,0,loop_mid,0x00,0,0,0x1C,0x00,0x00,0x00001C,0x00,0x00,0x0000,0x3F,0x52,0x20,0x02,0x3A,0x30000,0x030000,3,0x11000,1,1,
27.098095,1195026,0x030EE9,0x0084,0x84,0,cur_mid,0x00,1,1,0x1C,0x00,0x00,0x00001C,0x00,0x00,0x0000,0x3F,0x52,0x20,0x02,0x3A,0x30000,0x030000,3,0x11000,1,1,current_low_write
27.098095,1195026,0x030EED,0x0005,0x05,0,loop_high,0x96,2,2,0x1C,0x00,0x00,0x00001C,0x00,0x96,0x9600,0x3F,0x52,0x20,0x02,0x3A,0x30000,0x030000,3,0x11000,1,1,
27.098118,1195027,0x030EF2,0x0085,0x85,0,cur_high,0x96,0,0,0x1C,0x00,0x96,0x96001C,0x00,0x96,0x9600,0x3F,0x52,0x20,0x02,0x3A,0x30000,0x039600,3,0x1A600,1,1,current_pair_complete
27.098118,1195027,0x030EF6,0x0006,0x06,0,end,0xD5,1,1,0x1C,0x00,0x96,0x96001C,0x00,0x96,0x9600,0xD5,0x52,0x20,0x02,0x3A,0x30000,0x039600,3,0x1A600,1,1,
27.098118,1195027,0x030EFA,0x0007,0x07,0,delta,0x5A,2,2,0x1C,0x00,0x96,0x96001C,0x00,0x96,0x9600,0xD5,0x5A,0x20,0x02,0x3A,0x30000,0x039600,3,0x1A600,1,1,
27.098141,1195028,0x030EFF,0x0086,0x86,0,ctrl,0x5A,0,0,0x1C,0x00,0x96,0x96001C,0x00,0x96,0x9600,0xD5,0x5A,0x20,0x02,0x5A,0x50000,0x059600,6,0x21800,1,1,retrigger_commit
27.132834,1196558,0x030FC4,0x0008,0x08,1,cur_low,0x1C,0,0,0x1C,0x00,0x00,0x00001C,0x00,0x00,0x0000,0x3F,0x52,0x02,0x20,0x3A,0x30000,0x030000,3,0x11000,1,1,
27.132880,1196560,0x030FC9,0x000C,0x0C,1,loop_mid,0x00,0,0,0x1C,0x00,0x00,0x00001C,0x00,0x00,0x0000,0x3F,0x52,0x02,0x20,0x3A,0x30000,0x030000,3,0x11000,1,1,
27.132880,1196560,0x030FCD,0x008C,0x8C,1,cur_mid,0x00,1,1,0x1C,0x00,0x00,0x00001C,0x00,0x00,0x0000,0x3F,0x52,0x02,0x20,0x3A,0x30000,0x030000,3,0x11000,1,1,current_low_write
27.132880,1196560,0x030FD1,0x000D,0x0D,1,loop_high,0x96,2,2,0x1C,0x00,0x00,0x00001C,0x00,0x96,0x9600,0x3F,0x52,0x02,0x20,0x3A,0x30000,0x030000,3,0x11000,1,1,
27.132902,1196561,0x030FD6,0x008D,0x8D,1,cur_high,0x96,0,0,0x1C,0x00,0x96,0x96001C,0x00,0x96,0x9600,0x3F,0x52,0x02,0x20,0x3A,0x30000,0x039600,3,0x1A600,1,1,current_pair_complete
27.132902,1196561,0x030FDA,0x000E,0x0E,1,end,0xD5,1,1,0x1C,0x00,0x96,0x96001C,0x00,0x96,0x9600,0xD5,0x52,0x02,0x20,0x3A,0x30000,0x039600,3,0x1A600,1,1,
27.132902,1196561,0x030FDE,0x000F,0x0F,1,delta,0x5A,2,2,0x1C,0x00,0x96,0x96001C,0x00,0x96,0x9600,0xD5,0x5A,0x02,0x20,0x3A,0x30000,0x039600,3,0x1A600,1,1,
27.132925,1196562,0x030FE3,0x008E,0x8E,1,ctrl,0x5A,0,0,0x1C,0x00,0x96,0x96001C,0x00,0x96,0x9600,0xD5,0x5A,0x02,0x20,0x5A,0x50000,0x059600,6,0x21800,1,1,retrigger_commit
28.539138,1258576,0x0315D8,0x0000,0x00,0,cur_low,0x1D,0,0,0x1D,0x00,0x96,0x96001D,0x00,0x96,0x9600,0xD5,0x5A,0x20,0x02,0x5A,0x50000,0x059600,6,0x21800,1,1,
28.539184,1258578,0x0315DD,0x0004,0x04,0,loop_mid,0x00,0,0,0x1D,0x00,0x96,0x96001D,0x00,0x96,0x9600,0xD5,0x5A,0x20,0x02,0x5A,0x50000,0x059600,6,0x21800,1,1,
28.539184,1258578,0x0315E1,0x0084,0x84,0,cur_mid,0x00,1,1,0x1D,0x00,0x96,0x96001D,0x00,0x96,0x9600,0xD5,0x5A,0x20,0x02,0x5A,0x50000,0x059600,6,0x21800,1,1,current_low_write
28.539184,1258578,0x0315E5,0x0005,0x05,0,loop_high,0x00,2,2,0x1D,0x00,0x96,0x96001D,0x00,0x00,0x0000,0xD5,0x5A,0x20,0x02,0x5A,0x50000,0x059600,6,0x21800,1,1,
28.539206,1258579,0x0315EA,0x0085,0x85,0,cur_high,0x00,0,0,0x1D,0x00,0x00,0x00001D,0x00,0x00,0x0000,0xD5,0x5A,0x20,0x02,0x5A,0x50000,0x050000,5,0x21400,1,1,current_pair_complete
28.539206,1258579,0x0315EE,0x0006,0x06,0,end,0x03,1,1,0x1D,0x00,0x00,0x00001D,0x00,0x00,0x0000,0x03,0x5A,0x20,0x02,0x5A,0x50000,0x050000,5,0x21400,1,1,
28.539206,1258579,0x0315F2,0x0007,0x07,0,delta,0x4A,2,2,0x1D,0x00,0x00,0x00001D,0x00,0x00,0x0000,0x03,0x4A,0x20,0x02,0x5A,0x50000,0x050000,5,0x21400,1,1,
28.539229,1258580,0x0315F7,0x0086,0x86,0,ctrl,0x5A,0,0,0x1D,0x00,0x00,0x00001D,0x00,0x00,0x0000,0x03,0x4A,0x20,0x02,0x5A,0x50000,0x050000,5,0x21400,1,1,retrigger_commit
28.573447,1260089,0x03164F,0x0008,0x08,1,cur_low,0x1D,0,0,0x1D,0x00,0x96,0x96001D,0x00,0x96,0x9600,0xD5,0x5A,0x02,0x20,0x5A,0x50000,0x059600,6,0x21800,1,1,
28.573492,1260091,0x031654,0x000C,0x0C,1,loop_mid,0x00,0,0,0x1D,0x00,0x96,0x96001D,0x00,0x96,0x9600,0xD5,0x5A,0x02,0x20,0x5A,0x50000,0x059600,6,0x21800,1,1,
28.573492,1260091,0x031658,0x008C,0x8C,1,cur_mid,0x00,1,1,0x1D,0x00,0x96,0x96001D,0x00,0x96,0x9600,0xD5,0x5A,0x02,0x20,0x5A,0x50000,0x059600,6,0x21800,1,1,current_low_write
28.573492,1260091,0x03165C,0x000D,0x0D,1,loop_high,0x00,2,2,0x1D,0x00,0x96,0x96001D,0x00,0x00,0x0000,0xD5,0x5A,0x02,0x20,0x5A,0x50000,0x059600,6,0x21800,1,1,
28.573515,1260092,0x031661,0x008D,0x8D,1,cur_high,0x00,0,0,0x1D,0x00,0x00,0x00001D,0x00,0x00,0x0000,0xD5,0x5A,0x02,0x20,0x5A,0x50000,0x050000,5,0x21400,1,1,current_pair_complete
28.573515,1260092,0x031665,0x000E,0x0E,1,end,0x03,1,1,0x1D,0x00,0x00,0x00001D,0x00,0x00,0x0000,0x03,0x5A,0x02,0x20,0x5A,0x50000,0x050000,5,0x21400,1,1,
28.573515,1260092,0x031669,0x000F,0x0F,1,delta,0x4A,2,2,0x1D,0x00,0x00,0x00001D,0x00,0x00,0x0000,0x03,0x4A,0x02,0x20,0x5A,0x50000,0x050000,5,0x21400,1,1,
28.573537,1260093,0x03166E,0x008E,0x8E,1,ctrl,0x5A,0,0,0x1D,0x00,0x00,0x00001D,0x00,0x00,0x0000,0x03,0x4A,0x02,0x20,0x5A,0x50000,0x050000,5,0x21400,1,1,retrigger_commit
28.744807,1267646,0x0316C0,0x0000,0x00,0,cur_low,0x1C,0,0,0x1C,0x00,0x00,0x00001C,0x00,0x00,0x0000,0x03,0x4A,0x20,0x02,0x5A,0x50000,0x050000,5,0x21400,1,1,
28.744853,1267648,0x0316C5,0x0004,0x04,0,loop_mid,0x00,0,0,0x1C,0x00,0x00,0x00001C,0x00,0x00,0x0000,0x03,0x4A,0x20,0x02,0x5A,0x50000,0x050000,5,0x21400,1,1,
28.744853,1267648,0x0316C9,0x0084,0x84,0,cur_mid,0x00,1,1,0x1C,0x00,0x00,0x00001C,0x00,0x00,0x0000,0x03,0x4A,0x20,0x02,0x5A,0x50000,0x050000,5,0x21400,1,1,current_low_write
28.744853,1267648,0x0316CD,0x0005,0x05,0,loop_high,0x96,2,2,0x1C,0x00,0x00,0x00001C,0x00,0x96,0x9600,0x03,0x4A,0x20,0x02,0x5A,0x50000,0x050000,5,0x21400,1,1,
28.744875,1267649,0x0316D2,0x0085,0x85,0,cur_high,0x96,0,0,0x1C,0x00,0x96,0x96001C,0x00,0x96,0x9600,0x03,0x4A,0x20,0x02,0x5A,0x50000,0x059600,6,0x21800,1,1,current_pair_complete
28.744875,1267649,0x0316D6,0x0006,0x06,0,end,0xD5,1,1,0x1C,0x00,0x96,0x96001C,0x00,0x96,0x9600,0xD5,0x4A,0x20,0x02,0x5A,0x50000,0x059600,6,0x21800,1,1,
28.744875,1267649,0x0316DA,0x0007,0x07,0,delta,0x50,2,2,0x1C,0x00,0x96,0x96001C,0x00,0x96,0x9600,0xD5,0x50,0x20,0x02,0x5A,0x50000,0x059600,6,0x21800,1,1,
28.744898,1267650,0x0316DF,0x0086,0x86,0,ctrl,0x5A,0,0,0x1C,0x00,0x96,0x96001C,0x00,0x96,0x9600,0xD5,0x50,0x20,0x02,0x5A,0x50000,0x059600,6,0x21800,1,1,retrigger_commit
28.779433,1269173,0x031765,0x0008,0x08,1,cur_low,0x1C,0,0,0x1C,0x00,0x00,0x00001C,0x00,0x00,0x0000,0x03,0x4A,0x02,0x20,0x5A,0x50000,0x050000,5,0x21400,1,1,
28.779478,1269175,0x03176A,0x000C,0x0C,1,loop_mid,0x00,0,0,0x1C,0x00,0x00,0x00001C,0x00,0x00,0x0000,0x03,0x4A,0x02,0x20,0x5A,0x50000,0x050000,5,0x21400,1,1,
28.779478,1269175,0x03176E,0x008C,0x8C,1,cur_mid,0x00,1,1,0x1C,0x00,0x00,0x00001C,0x00,0x00,0x0000,0x03,0x4A,0x02,0x20,0x5A,0x50000,0x050000,5,0x21400,1,1,current_low_write
28.779478,1269175,0x031772,0x000D,0x0D,1,loop_high,0x96,2,2,0x1C,0x00,0x00,0x00001C,0x00,0x96,0x9600,0x03,0x4A,0x02,0x20,0x5A,0x50000,0x050000,5,0x21400,1,1,
28.779501,1269176,0x031777,0x008D,0x8D,1,cur_high,0x96,0,0,0x1C,0x00,0x96,0x96001C,0x00,0x96,0x9600,0x03,0x4A,0x02,0x20,0x5A,0x50000,0x059600,6,0x21800,1,1,current_pair_complete
28.779501,1269176,0x03177B,0x000E,0x0E,1,end,0xD5,1,1,0x1C,0x00,0x96,0x96001C,0x00,0x96,0x9600,0xD5,0x4A,0x02,0x20,0x5A,0x50000,0x059600,6,0x21800,1,1,
28.779501,1269176,0x03177F,0x000F,0x0F,1,delta,0x50,2,2,0x1C,0x00,0x96,0x96001C,0x00,0x96,0x9600,0xD5,0x50,0x02,0x20,0x5A,0x50000,0x059600,6,0x21800,1,1,
28.779524,1269177,0x031784,0x008E,0x8E,1,ctrl,0x5A,0,0,0x1C,0x00,0x96,0x96001C,0x00,0x96,0x9600,0xD5,0x50,0x02,0x20,0x5A,0x50000,0x059600,6,0x21800,1,1,retrigger_commit
30.185737,1331191,0x031DAE,0x0000,0x00,0,cur_low,0x1D,0,0,0x1D,0x00,0x96,0x96001D,0x00,0x96,0x9600,0xD5,0x50,0x20,0x02,0x5A,0x50000,0x059600,6,0x21800,1,1,
30.185782,1331193,0x031DB3,0x0004,0x04,0,loop_mid,0x00,0,0,0x1D,0x00,0x96,0x96001D,0x00,0x96,0x9600,0xD5,0x50,0x20,0x02,0x5A,0x50000,0x059600,6,0x21800,1,1,
30.185782,1331193,0x031DB7,0x0084,0x84,0,cur_mid,0x00,1,1,0x1D,0x00,0x96,0x96001D,0x00,0x96,0x9600,0xD5,0x50,0x20,0x02,0x5A,0x50000,0x059600,6,0x21800,1,1,current_low_write
30.185782,1331193,0x031DBB,0x0005,0x05,0,loop_high,0x00,2,2,0x1D,0x00,0x96,0x96001D,0x00,0x00,0x0000,0xD5,0x50,0x20,0x02,0x5A,0x50000,0x059600,6,0x21800,1,1,
30.185805,1331194,0x031DC0,0x0085,0x85,0,cur_high,0x00,0,0,0x1D,0x00,0x00,0x00001D,0x00,0x00,0x0000,0xD5,0x50,0x20,0x02,0x5A,0x50000,0x050000,5,0x21400,1,1,current_pair_complete
30.185805,1331194,0x031DC4,0x0006,0x06,0,end,0x03,1,1,0x1D,0x00,0x00,0x00001D,0x00,0x00,0x0000,0x03,0x50,0x20,0x02,0x5A,0x50000,0x050000,5,0x21400,1,1,
30.185805,1331194,0x031DC8,0x0007,0x07,0,delta,0x4A,2,2,0x1D,0x00,0x00,0x00001D,0x00,0x00,0x0000,0x03,0x4A,0x20,0x02,0x5A,0x50000,0x050000,5,0x21400,1,1,
30.185828,1331195,0x031DCD,0x0086,0x86,0,ctrl,0x5A,0,0,0x1D,0x00,0x00,0x00001D,0x00,0x00,0x0000,0x03,0x4A,0x20,0x02,0x5A,0x50000,0x050000,5,0x21400,1,1,retrigger_commit
30.220204,1332711,0x031E2C,0x0008,0x08,1,cur_low,0x1D,0,0,0x1D,0x00,0x96,0x96001D,0x00,0x96,0x9600,0xD5,0x50,0x02,0x20,0x5A,0x50000,0x059600,6,0x21800,1,1,
30.220249,1332713,0x031E31,0x000C,0x0C,1,loop_mid,0x00,0,0,0x1D,0x00,0x96,0x96001D,0x00,0x96,0x9600,0xD5,0x50,0x02,0x20,0x5A,0x50000,0x059600,6,0x21800,1,1,
30.220249,1332713,0x031E35,0x008C,0x8C,1,cur_mid,0x00,1,1,0x1D,0x00,0x96,0x96001D,0x00,0x96,0x9600,0xD5,0x50,0x02,0x20,0x5A,0x50000,0x059600,6,0x21800,1,1,current_low_write
30.220249,1332713,0x031E39,0x000D,0x0D,1,loop_high,0x00,2,2,0x1D,0x00,0x96,0x96001D,0x00,0x00,0x0000,0xD5,0x50,0x02,0x20,0x5A,0x50000,0x059600,6,0x21800,1,1,
30.220272,1332714,0x031E3E,0x008D,0x8D,1,cur_high,0x00,0,0,0x1D,0x00,0x00,0x00001D,0x00,0x00,0x0000,0xD5,0x50,0x02,0x20,0x5A,0x50000,0x050000,5,0x21400,1,1,current_pair_complete
30.220272,1332714,0x031E42,0x000E,0x0E,1,end,0x03,1,1,0x1D,0x00,0x00,0x00001D,0x00,0x00,0x0000,0x03,0x50,0x02,0x20,0x5A,0x50000,0x050000,5,0x21400,1,1,
30.220272,1332714,0x031E46,0x000F,0x0F,1,delta,0x4A,2,2,0x1D,0x00,0x00,0x00001D,0x00,0x00,0x0000,0x03,0x4A,0x02,0x20,0x5A,0x50000,0x050000,5,0x21400,1,1,
30.220295,1332715,0x031E4B,0x008E,0x8E,1,ctrl,0x5A,0,0,0x1D,0x00,0x00,0x00001D,0x00,0x00,0x0000,0x03,0x4A,0x02,0x20,0x5A,0x50000,0x050000,5,0x21400,1,1,retrigger_commit
30.391565,1340268,0x031ED9,0x0000,0x00,0,cur_low,0x17,0,0,0x17,0x00,0x00,0x000017,0x00,0x00,0x0000,0x03,0x4A,0x20,0x02,0x5A,0x50000,0x050000,5,0x21400,1,1,
30.391610,1340270,0x031EDE,0x0004,0x04,0,loop_mid,0x00,0,0,0x17,0x00,0x00,0x000017,0x00,0x00,0x0000,0x03,0x4A,0x20,0x02,0x5A,0x50000,0x050000,5,0x21400,1,1,
30.391610,1340270,0x031EE2,0x0084,0x84,0,cur_mid,0x00,1,1,0x17,0x00,0x00,0x000017,0x00,0x00,0x0000,0x03,0x4A,0x20,0x02,0x5A,0x50000,0x050000,5,0x21400,1,1,current_low_write
30.391610,1340270,0x031EE6,0x0005,0x05,0,loop_high,0xC0,2,2,0x17,0x00,0x00,0x000017,0x00,0xC0,0xC000,0x03,0x4A,0x20,0x02,0x5A,0x50000,0x050000,5,0x21400,1,1,
30.391633,1340271,0x031EEB,0x0085,0x85,0,cur_high,0xC0,0,0,0x17,0x00,0xC0,0xC00017,0x00,0xC0,0xC000,0x03,0x4A,0x20,0x02,0x5A,0x50000,0x05C000,6,0x24200,1,1,current_pair_complete
30.391633,1340271,0x031EEF,0x0006,0x06,0,end,0xFF,1,1,0x17,0x00,0xC0,0xC00017,0x00,0xC0,0xC000,0xFF,0x4A,0x20,0x02,0x5A,0x50000,0x05C000,6,0x24200,1,1,
30.391633,1340271,0x031EF3,0x0007,0x07,0,delta,0x5A,2,2,0x17,0x00,0xC0,0xC00017,0x00,0xC0,0xC000,0xFF,0x5A,0x20,0x02,0x5A,0x50000,0x05C000,6,0x24200,1,1,
30.391655,1340272,0x031EF8,0x0086,0x86,0,ctrl,0x2A,0,0,0x17,0x00,0xC0,0xC00017,0x00,0xC0,0xC000,0xFF,0x5A,0x20,0x02,0x2A,0x20000,0x02C000,3,0x0D000,1,1,retrigger_commit
30.425850,1341780,0x031F70,0x0008,0x08,1,cur_low,0x17,0,0,0x17,0x00,0x00,0x000017,0x00,0x00,0x0000,0x03,0x4A,0x02,0x20,0x5A,0x50000,0x050000,5,0x21400,1,1,
30.425896,1341782,0x031F75,0x000C,0x0C,1,loop_mid,0x00,0,0,0x17,0x00,0x00,0x000017,0x00,0x00,0x0000,0x03,0x4A,0x02,0x20,0x5A,0x50000,0x050000,5,0x21400,1,1,
30.425896,1341782,0x031F79,0x008C,0x8C,1,cur_mid,0x00,1,1,0x17,0x00,0x00,0x000017,0x00,0x00,0x0000,0x03,0x4A,0x02,0x20,0x5A,0x50000,0x050000,5,0x21400,1,1,current_low_write
30.425896,1341782,0x031F7D,0x000D,0x0D,1,loop_high,0xC0,2,2,0x17,0x00,0x00,0x000017,0x00,0xC0,0xC000,0x03,0x4A,0x02,0x20,0x5A,0x50000,0x050000,5,0x21400,1,1,
30.425918,1341783,0x031F82,0x008D,0x8D,1,cur_high,0xC0,0,0,0x17,0x00,0xC0,0xC00017,0x00,0xC0,0xC000,0x03,0x4A,0x02,0x20,0x5A,0x50000,0x05C000,6,0x24200,1,1,current_pair_complete
30.425918,1341783,0x031F86,0x000E,0x0E,1,end,0xFF,1,1,0x17,0x00,0xC0,0xC00017,0x00,0xC0,0xC000,0xFF,0x4A,0x02,0x20,0x5A,0x50000,0x05C000,6,0x24200,1,1,
30.425918,1341783,0x031F8A,0x000F,0x0F,1,delta,0x5A,2,2,0x17,0x00,0xC0,0xC00017,0x00,0xC0,0xC000,0xFF,0x5A,0x02,0x20,0x5A,0x50000,0x05C000,6,0x24200,1,1,
30.425941,1341784,0x031F8F,0x008E,0x8E,1,ctrl,0x2A,0,0,0x17,0x00,0xC0,0xC00017,0x00,0xC0,0xC000,0xFF,0x5A,0x02,0x20,0x2A,0x20000,0x02C000,3,0x0D000,1,1,retrigger_commit
31.832336,1403806,0x032551,0x0000,0x00,0,cur_low,0x1D,0,0,0x1D,0x00,0xC0,0xC0001D,0x00,0xC0,0xC000,0xFF,0x5A,0x20,0x02,0x2A,0x20000,0x02C000,3,0x0D000,1,1,
31.832381,1403808,0x032556,0x0004,0x04,0,loop_mid,0x00,0,0,0x1D,0x00,0xC0,0xC0001D,0x00,0xC0,0xC000,0xFF,0x5A,0x20,0x02,0x2A,0x20000,0x02C000,3,0x0D000,1,1,
31.832381,1403808,0x03255A,0x0084,0x84,0,cur_mid,0x00,1,1,0x1D,0x00,0xC0,0xC0001D,0x00,0xC0,0xC000,0xFF,0x5A,0x20,0x02,0x2A,0x20000,0x02C000,3,0x0D000,1,1,current_low_write
31.832381,1403808,0x03255E,0x0005,0x05,0,loop_high,0x00,2,2,0x1D,0x00,0xC0,0xC0001D,0x00,0x00,0x0000,0xFF,0x5A,0x20,0x02,0x2A,0x20000,0x02C000,3,0x0D000,1,1,
31.832404,1403809,0x032563,0x0085,0x85,0,cur_high,0x00,0,0,0x1D,0x00,0x00,0x00001D,0x00,0x00,0x0000,0xFF,0x5A,0x20,0x02,0x2A,0x20000,0x020000,,,1,1,current_pair_complete
31.832404,1403809,0x032567,0x0006,0x06,0,end,0x03,1,1,0x1D,0x00,0x00,0x00001D,0x00,0x00,0x0000,0x03,0x5A,0x20,0x02,0x2A,0x20000,0x020000,,,1,1,
31.832404,1403809,0x03256B,0x0007,0x07,0,delta,0x4A,2,2,0x1D,0x00,0x00,0x00001D,0x00,0x00,0x0000,0x03,0x4A,0x20,0x02,0x2A,0x20000,0x020000,,,1,1,
31.832426,1403810,0x032570,0x0086,0x86,0,ctrl,0x5A,0,0,0x1D,0x00,0x00,0x00001D,0x00,0x00,0x0000,0x03,0x4A,0x20,0x02,0x5A,0x50000,0x050000,5,0x21400,1,1,retrigger_commit
31.866621,1405318,0x0325C8,0x0008,0x08,1,cur_low,0x1D,0,0,0x1D,0x00,0xC0,0xC0001D,0x00,0xC0,0xC000,0xFF,0x5A,0x02,0x20,0x2A,0x20000,0x02C000,3,0x0D000,1,1,
31.866667,1405320,0x0325CD,0x000C,0x0C,1,loop_mid,0x00,0,0,0x1D,0x00,0xC0,0xC0001D,0x00,0xC0,0xC000,0xFF,0x5A,0x02,0x20,0x2A,0x20000,0x02C000,3,0x0D000,1,1,
31.866667,1405320,0x0325D1,0x008C,0x8C,1,cur_mid,0x00,1,1,0x1D,0x00,0xC0,0xC0001D,0x00,0xC0,0xC000,0xFF,0x5A,0x02,0x20,0x2A,0x20000,0x02C000,3,0x0D000,1,1,current_low_write
31.866667,1405320,0x0325D5,0x000D,0x0D,1,loop_high,0x00,2,2,0x1D,0x00,0xC0,0xC0001D,0x00,0x00,0x0000,0xFF,0x5A,0x02,0x20,0x2A,0x20000,0x02C000,3,0x0D000,1,1,
31.866689,1405321,0x0325DA,0x008D,0x8D,1,cur_high,0x00,0,0,0x1D,0x00,0x00,0x00001D,0x00,0x00,0x0000,0xFF,0x5A,0x02,0x20,0x2A,0x20000,0x020000,,,1,1,current_pair_complete
31.866689,1405321,0x0325DE,0x000E,0x0E,1,end,0x03,1,1,0x1D,0x00,0x00,0x00001D,0x00,0x00,0x0000,0x03,0x5A,0x02,0x20,0x2A,0x20000,0x020000,,,1,1,
31.866689,1405321,0x0325E2,0x000F,0x0F,1,delta,0x4A,2,2,0x1D,0x00,0x00,0x00001D,0x00,0x00,0x0000,0x03,0x4A,0x02,0x20,0x2A,0x20000,0x020000,,,1,1,
31.866712,1405322,0x0325E7,0x008E,0x8E,1,ctrl,0x5A,0,0,0x1D,0x00,0x00,0x00001D,0x00,0x00,0x0000,0x03,0x4A,0x02,0x20,0x5A,0x50000,0x050000,5,0x21400,1,1,retrigger_commit
32.037982,1412875,0x032639,0x0000,0x00,0,cur_low,0x1C,0,0,0x1C,0x00,0x00,0x00001C,0x00,0x00,0x0000,0x03,0x4A,0x20,0x02,0x5A,0x50000,0x050000,5,0x21400,1,1,
32.038027,1412877,0x03263E,0x0004,0x04,0,loop_mid,0x00,0,0,0x1C,0x00,0x00,0x00001C,0x00,0x00,0x0000,0x03,0x4A,0x20,0x02,0x5A,0x50000,0x050000,5,0x21400,1,1,
32.038027,1412877,0x032642,0x0084,0x84,0,cur_mid,0x00,1,1,0x1C,0x00,0x00,0x00001C,0x00,0x00,0x0000,0x03,0x4A,0x20,0x02,0x5A,0x50000,0x050000,5,0x21400,1,1,current_low_write
32.038027,1412877,0x032646,0x0005,0x05,0,loop_high,0x96,2,2,0x1C,0x00,0x00,0x00001C,0x00,0x96,0x9600,0x03,0x4A,0x20,0x02,0x5A,0x50000,0x050000,5,0x21400,1,1,
32.038050,1412878,0x03264B,0x0085,0x85,0,cur_high,0x96,0,0,0x1C,0x00,0x96,0x96001C,0x00,0x96,0x9600,0x03,0x4A,0x20,0x02,0x5A,0x50000,0x059600,6,0x21800,1,1,current_pair_complete
32.038050,1412878,0x03264F,0x0006,0x06,0,end,0xD5,1,1,0x1C,0x00,0x96,0x96001C,0x00,0x96,0x9600,0xD5,0x4A,0x20,0x02,0x5A,0x50000,0x059600,6,0x21800,1,1,
32.038050,1412878,0x032653,0x0007,0x07,0,delta,0x78,2,2,0x1C,0x00,0x96,0x96001C,0x00,0x96,0x9600,0xD5,0x78,0x20,0x02,0x5A,0x50000,0x059600,6,0x21800,1,1,
32.038073,1412879,0x032658,0x0086,0x86,0,ctrl,0x5A,0,0,0x1C,0x00,0x96,0x96001C,0x00,0x96,0x9600,0xD5,0x78,0x20,0x02,0x5A,0x50000,0x059600,6,0x21800,1,1,retrigger_commit
32.072608,1414402,0x0326D6,0x0008,0x08,1,cur_low,0x1C,0,0,0x1C,0x00,0x00,0x00001C,0x00,0x00,0x0000,0x03,0x4A,0x02,0x20,0x5A,0x50000,0x050000,5,0x21400,1,1,
32.072653,1414404,0x0326DB,0x000C,0x0C,1,loop_mid,0x00,0,0,0x1C,0x00,0x00,0x00001C,0x00,0x00,0x0000,0x03,0x4A,0x02,0x20,0x5A,0x50000,0x050000,5,0x21400,1,1,
32.072653,1414404,0x0326DF,0x008C,0x8C,1,cur_mid,0x00,1,1,0x1C,0x00,0x00,0x00001C,0x00,0x00,0x0000,0x03,0x4A,0x02,0x20,0x5A,0x50000,0x050000,5,0x21400,1,1,current_low_write
32.072653,1414404,0x0326E3,0x000D,0x0D,1,loop_high,0x96,2,2,0x1C,0x00,0x00,0x00001C,0x00,0x96,0x9600,0x03,0x4A,0x02,0x20,0x5A,0x50000,0x050000,5,0x21400,1,1,
32.072676,1414405,0x0326E8,0x008D,0x8D,1,cur_high,0x96,0,0,0x1C,0x00,0x96,0x96001C,0x00,0x96,0x9600,0x03,0x4A,0x02,0x20,0x5A,0x50000,0x059600,6,0x21800,1,1,current_pair_complete
32.072676,1414405,0x0326EC,0x000E,0x0E,1,end,0xD5,1,1,0x1C,0x00,0x96,0x96001C,0x00,0x96,0x9600,0xD5,0x4A,0x02,0x20,0x5A,0x50000,0x059600,6,0x21800,1,1,
32.072676,1414405,0x0326F0,0x000F,0x0F,1,delta,0x78,2,2,0x1C,0x00,0x96,0x96001C,0x00,0x96,0x9600,0xD5,0x78,0x02,0x20,0x5A,0x50000,0x059600,6,0x21800,1,1,
32.072698,1414406,0x0326F5,0x008E,0x8E,1,ctrl,0x5A,0,0,0x1C,0x00,0x96,0x96001C,0x00,0x96,0x9600,0xD5,0x78,0x02,0x20,0x5A,0x50000,0x059600,6,0x21800,1,1,retrigger_commit
32.655624,1440113,0x032948,0x0000,0x00,0,cur_low,0x1D,0,0,0x1D,0x00,0x96,0x96001D,0x00,0x96,0x9600,0xD5,0x78,0x20,0x02,0x5A,0x50000,0x059600,6,0x21800,1,1,
32.655669,1440115,0x03294D,0x0004,0x04,0,loop_mid,0x00,0,0,0x1D,0x00,0x96,0x96001D,0x00,0x96,0x9600,0xD5,0x78,0x20,0x02,0x5A,0x50000,0x059600,6,0x21800,1,1,
32.655669,1440115,0x032951,0x0084,0x84,0,cur_mid,0x00,1,1,0x1D,0x00,0x96,0x96001D,0x00,0x96,0x9600,0xD5,0x78,0x20,0x02,0x5A,0x50000,0x059600,6,0x21800,1,1,current_low_write
32.655669,1440115,0x032955,0x0005,0x05,0,loop_high,0x00,2,2,0x1D,0x00,0x96,0x96001D,0x00,0x00,0x0000,0xD5,0x78,0x20,0x02,0x5A,0x50000,0x059600,6,0x21800,1,1,
32.655692,1440116,0x03295A,0x0085,0x85,0,cur_high,0x00,0,0,0x1D,0x00,0x00,0x00001D,0x00,0x00,0x0000,0xD5,0x78,0x20,0x02,0x5A,0x50000,0x050000,5,0x21400,1,1,current_pair_complete
32.655692,1440116,0x03295E,0x0006,0x06,0,end,0x03,1,1,0x1D,0x00,0x00,0x00001D,0x00,0x00,0x0000,0x03,0x78,0x20,0x02,0x5A,0x50000,0x050000,5,0x21400,1,1,
32.655692,1440116,0x032962,0x0007,0x07,0,delta,0x4A,2,2,0x1D,0x00,0x00,0x00001D,0x00,0x00,0x0000,0x03,0x4A,0x20,0x02,0x5A,0x50000,0x050000,5,0x21400,1,1,
32.655714,1440117,0x032967,0x0086,0x86,0,ctrl,0x5A,0,0,0x1D,0x00,0x00,0x00001D,0x00,0x00,0x0000,0x03,0x4A,0x20,0x02,0x5A,0x50000,0x050000,5,0x21400,1,1,retrigger_commit
32.689773,1441619,0x0329DC,0x0008,0x08,1,cur_low,0x1D,0,0,0x1D,0x00,0x96,0x96001D,0x00,0x96,0x9600,0xD5,0x78,0x02,0x20,0x5A,0x50000,0x059600,6,0x21800,1,1,
32.689819,1441621,0x0329E1,0x000C,0x0C,1,loop_mid,0x00,0,0,0x1D,0x00,0x96,0x96001D,0x00,0x96,0x9600,0xD5,0x78,0x02,0x20,0x5A,0x50000,0x059600,6,0x21800,1,1,
32.689819,1441621,0x0329E5,0x008C,0x8C,1,cur_mid,0x00,1,1,0x1D,0x00,0x96,0x96001D,0x00,0x96,0x9600,0xD5,0x78,0x02,0x20,0x5A,0x50000,0x059600,6,0x21800,1,1,current_low_write
32.689819,1441621,0x0329E9,0x000D,0x0D,1,loop_high,0x00,2,2,0x1D,0x00,0x96,0x96001D,0x00,0x00,0x0000,0xD5,0x78,0x02,0x20,0x5A,0x50000,0x059600,6,0x21800,1,1,
32.689841,1441622,0x0329EE,0x008D,0x8D,1,cur_high,0x00,0,0,0x1D,0x00,0x00,0x00001D,0x00,0x00,0x0000,0xD5,0x78,0x02,0x20,0x5A,0x50000,0x050000,5,0x21400,1,1,current_pair_complete
32.689841,1441622,0x0329F2,0x000E,0x0E,1,end,0x03,1,1,0x1D,0x00,0x00,0x00001D,0x00,0x00,0x0000,0x03,0x78,0x02,0x20,0x5A,0x50000,0x050000,5,0x21400,1,1,
32.689841,1441622,0x0329F6,0x000F,0x0F,1,delta,0x4A,2,2,0x1D,0x00,0x00,0x00001D,0x00,0x00,0x0000,0x03,0x4A,0x02,0x20,0x5A,0x50000,0x050000,5,0x21400,1,1,
32.689864,1441623,0x0329FB,0x008E,0x8E,1,ctrl,0x5A,0,0,0x1D,0x00,0x00,0x00001D,0x00,0x00,0x0000,0x03,0x4A,0x02,0x20,0x5A,0x50000,0x050000,5,0x21400,1,1,retrigger_commit
32.861134,1449176,0x032A3B,0x0000,0x00,0,cur_low,0x1C,0,0,0x1C,0x00,0x00,0x00001C,0x00,0x00,0x0000,0x03,0x4A,0x20,0x02,0x5A,0x50000,0x050000,5,0x21400,1,1,
32.861179,1449178,0x032A40,0x0004,0x04,0,loop_mid,0x00,0,0,0x1C,0x00,0x00,0x00001C,0x00,0x00,0x0000,0x03,0x4A,0x20,0x02,0x5A,0x50000,0x050000,5,0x21400,1,1,
32.861179,1449178,0x032A44,0x0084,0x84,0,cur_mid,0x00,1,1,0x1C,0x00,0x00,0x00001C,0x00,0x00,0x0000,0x03,0x4A,0x20,0x02,0x5A,0x50000,0x050000,5,0x21400,1,1,current_low_write
32.861179,1449178,0x032A48,0x0005,0x05,0,loop_high,0x96,2,2,0x1C,0x00,0x00,0x00001C,0x00,0x96,0x9600,0x03,0x4A,0x20,0x02,0x5A,0x50000,0x050000,5,0x21400,1,1,
32.861202,1449179,0x032A4D,0x0085,0x85,0,cur_high,0x96,0,0,0x1C,0x00,0x96,0x96001C,0x00,0x96,0x9600,0x03,0x4A,0x20,0x02,0x5A,0x50000,0x059600,6,0x21800,1,1,current_pair_complete
32.861202,1449179,0x032A51,0x0006,0x06,0,end,0xD5,1,1,0x1C,0x00,0x96,0x96001C,0x00,0x96,0x9600,0xD5,0x4A,0x20,0x02,0x5A,0x50000,0x059600,6,0x21800,1,1,
32.861202,1449179,0x032A55,0x0007,0x07,0,delta,0x87,2,2,0x1C,0x00,0x96,0x96001C,0x00,0x96,0x9600,0xD5,0x87,0x20,0x02,0x5A,0x50000,0x059600,6,0x21800,1,1,
32.861224,1449180,0x032A5A,0x0086,0x86,0,ctrl,0x5A,0,0,0x1C,0x00,0x96,0x96001C,0x00,0x96,0x9600,0xD5,0x87,0x20,0x02,0x5A,0x50000,0x059600,6,0x21800,1,1,retrigger_commit
32.895896,1450709,0x032AD8,0x0008,0x08,1,cur_low,0x1C,0,0,0x1C,0x00,0x00,0x00001C,0x00,0x00,0x0000,0x03,0x4A,0x02,0x20,0x5A,0x50000,0x050000,5,0x21400,1,1,
32.895941,1450711,0x032ADD,0x000C,0x0C,1,loop_mid,0x00,0,0,0x1C,0x00,0x00,0x00001C,0x00,0x00,0x0000,0x03,0x4A,0x02,0x20,0x5A,0x50000,0x050000,5,0x21400,1,1,
32.895941,1450711,0x032AE1,0x008C,0x8C,1,cur_mid,0x00,1,1,0x1C,0x00,0x00,0x00001C,0x00,0x00,0x0000,0x03,0x4A,0x02,0x20,0x5A,0x50000,0x050000,5,0x21400,1,1,current_low_write
32.895941,1450711,0x032AE5,0x000D,0x0D,1,loop_high,0x96,2,2,0x1C,0x00,0x00,0x00001C,0x00,0x96,0x9600,0x03,0x4A,0x02,0x20,0x5A,0x50000,0x050000,5,0x21400,1,1,
32.895964,1450712,0x032AEA,0x008D,0x8D,1,cur_high,0x96,0,0,0x1C,0x00,0x96,0x96001C,0x00,0x96,0x9600,0x03,0x4A,0x02,0x20,0x5A,0x50000,0x059600,6,0x21800,1,1,current_pair_complete
32.895964,1450712,0x032AEE,0x000E,0x0E,1,end,0xD5,1,1,0x1C,0x00,0x96,0x96001C,0x00,0x96,0x9600,0xD5,0x4A,0x02,0x20,0x5A,0x50000,0x059600,6,0x21800,1,1,
32.895964,1450712,0x032AF2,0x000F,0x0F,1,delta,0x87,2,2,0x1C,0x00,0x96,0x96001C,0x00,0x96,0x9600,0xD5,0x87,0x02,0x20,0x5A,0x50000,0x059600,6,0x21800,1,1,
32.895986,1450713,0x032AF7,0x008E,0x8E,1,ctrl,0x5A,0,0,0x1C,0x00,0x96,0x96001C,0x00,0x96,0x9600,0xD5,0x87,0x02,0x20,0x5A,0x50000,0x059600,6,0x21800,1,1,retrigger_commit
