path	sha256	size	mtime_ns	inode
docs/jt10_gatee_h_selector_integration/CANDIDATE_MATRIX.tsv	20a05a57a2bda9174ae9727ad68d8a189bccac723a6913c8ba9ca3bdd3342f82	628	1786008446866518521	23936150
docs/jt10_gatee_h_selector_integration/PRESERVATION_RESULT.json	4c24bc51e35a5b256f7c046ce3a5d1901f4d7d2d24c107801f65e686205327bb	1477	1786008503353416642	23936158
docs/jt10_gatee_h_selector_integration/PRESERVATION_START.tsv	332e4b4d48ca5141a51826870390bfa89cbc7d46379f27861942f71dc7c14f54	44795	1786008503300201913	23936157
docs/jt10_gatee_h_selector_integration/PROVENANCE.md	5bd3c1ce64dcb9ec8ae5c3463b7e026144f04ec2373c45de3ee1f635ec1887e0	2859	1786008447228150914	23936152
docs/jt10_gatee_h_selector_integration/REPORT.md	e261a91e3b2e423adb82cd557a017d587ed349009db7fc31f9df9ed15dad3589	5146	1786008447411458049	23936153
docs/jt10_gatee_h_selector_integration/RESULTS.tsv	8a67ef9c8ceaf4bd9cb7bff0dff12f077fe7ec00f92a66bb7d6939cfa496581e	1098	1786008447047423384	23936151
docs/jt10_gatee_h_selector_integration/START_STATE.txt	56b6f27f8a1dd735137dc790d136be3d7ffee22665d8f94489b242e1010f3af8	954	1786008446690157830	23936149
tb/jt10_gatee_h_selector_integration/GENERATOR_MANIFEST.json	18727b741bb059ed6d882a80b846b4001ce4f9107cf1563ec6ee175bed2912ae	854	1786008368371101406	23936137
tb/jt10_gatee_h_selector_integration/candidate_body.svh	46cb206052772caa33d8b369e124cc9dc6d0dd65b07bb0c098a207e339a2bca1	2117	1786004468768234227	23930945
tb/jt10_gatee_h_selector_integration/candidates/i1_exact_h.sv	dd5ae58bea93e9f68342013f051773e74d3782f28b7a490a77a9b653c092b207	245	1786004238941507324	23930947
tb/jt10_gatee_h_selector_integration/candidates/i2_bounded.sv	b18d572e469a11690ab1e57f36e624b20345e189bafc95d3802b4f94f0060985	245	1786004239127070558	23930948
tb/jt10_gatee_h_selector_integration/candidates/i3_complete.sv	5476c63a747c97a1479de4b2116b9af4c308e78455fca9161d159e4e9f5a82be	245	1786004239315355701	23930949
tb/jt10_gatee_h_selector_integration/check_preservation.py	f7f94e0f90d39362b361eeb2e50bdf0af48f7eb882c73604502a458cd6f47fe8	3115	1786008344345061657	23936130
tb/jt10_gatee_h_selector_integration/gatee_exact_h_monitor.sv	c817f4617bf0cf8a5fd7daee96ed20547d5f748b10ea086668a2a40b4e64d0e3	16645	1786004468586300913	23930944
tb/jt10_gatee_h_selector_integration/generate_candidates.py	6950360fa1c2e72c24d83660a0c302c69104542a0623a9e90af606ad248b1daa	3355	1786004294418825650	23930961
tb/jt10_gatee_h_selector_integration/i2_integrated_harness.sv	0010b611571f91ed0ee0896aa798d70a464a8e76c137c7c496a92bcdc6655c63	6924	1786004609395673162	23930981
tb/jt10_gatee_h_selector_integration/replay_integration.py	b40281c4d4b7d8f1c6901b7c022de051459cc74fc257b19fbcbbcd738a476b33	3414	1786004294586796496	23930962
tb/jt10_gatee_h_selector_integration/run_regression.py	d67b7b1b1eac1bdb5df237d4c953bbf60c0ef8687a7c95d774855cc716126829	18348	1786004583838955393	23931007
tb/jt10_gatee_h_selector_integration/tb_h_integration_unit.sv	15972463b107e57a2ecce9e81391e0e21e794724a8e01441fd4fc0e2812762f1	9842	1786004468944075464	23930975
